"SNP","CHROM","POS","REF","ALT","MAF","Effect","SE","ASI_HN.FarmCPU"
"S9_137783896",9,137783896,"T","C",0.276243093922652,8.48278718328256,1.65647556661954,7.92138933806462e-07
"S9_138148472",9,138148472,"C","T",0.121546961325967,9.90090144203189,1.82355624965833,1.85470015788941e-07
"S9_139761565",9,139761565,"G","T",0.220994475138122,7.94951417692239,1.54709904646428,7.31126050719408e-07
"S9_140353680",9,140353680,"G","T",0.237569060773481,7.60944661973635,1.47735054871242,6.90334905868877e-07
