"SNP","CHROM","POS","REF","ALT","MAF","Effect","SE","ASI_LN.FarmCPU"
"S4_237319068",4,237319068,"C","A",0.408839779005525,5.67792031189975,1.07760872865094,3.97474379456601e-07
